recipe_title,ingredients
Bar au four,"['tomate', 'oignon', 'herbes', 'huile', 'sel', 'poivre', 'poisson', 'citron', 'herbes', 'alcool']"
Gratin de pâtes moelleux,"['porc', 'crème', 'fromage', 'poivre', 'sel', 'tomate', 'pâtes']"
Lotte à l'Armoricaine,"['oignon', 'alcool', 'beurre', 'huile', 'piment', 'sel', 'poivre', 'poisson', 'tomate', 'tomate', 'oignon', 'ail', 'alcool']"
Colombo de poulet,"[ 'épices', 'oignon', 'ail', 'épices', 'oignon', 'aubergine', 'courgette', 'herbes', 'herbes', 'piment', 'poivre', 'sel', 'poulet', 'ail', 'patates', 'épices', 'citron', 'lait']"
Tomates farcies facile,"['tomate', 'oignon', 'herbes', 'herbes', 'beurre', 'poivre', 'sel', 'saucisse', 'ail']"
Steak tartare,"['moutarde', 'oignon', 'piment', 'poivre', 'sel', 'huile', 'herbes', 'boeufs', 'oeufs', 'ketchup']"
Petit salé aux lentilles,"['saucisse', 'carotte', 'oignon', 'champignon', 'poivre', 'sel', 'porc', 'lentilles', 'herbes']"
Pad Thai,"['huile', 'sel', 'vinaigre', 'sucre', 'piment', 'oignon', 'pâtes', 'herbes', 'poulet', 'piment', 'oeufs', 'ail', 'sauce chinoise', 'arachide', 'soja', 'herbes']"
Crevettes à l'ail,"['piment', 'herbes', 'huile', 'poivre', 'sel', 'crevettes', 'ail']"
Poulet épices et oignon facile,"['oignon', 'épices', 'épices', 'piment', 'poivre', 'sel', 'poulet', 'crème allégée']"
Les vrais quenelles natures lyonnaises,"['beurre', 'farine', 'fromage', 'épices', 'oeufs', 'eau']"
Saucisses au chou vert,"['porc', 'huile', 'herbes', 'oignon', 'chou', 'saucisse', 'porc', 'oignon']"
Omelette nature,"['poivre', 'beurre', 'sel', 'oeufs']"
Fajitas au poulet,"['poivron', 'poivron', 'oignon', 'crème', 'huile', 'piment', 'épices', 'sel', 'poivre', 'poulet', 'ail', 'pain', 'citron']"
Fondue bourguignonne et sauces d'accompagnement,"['sel', 'huile', 'poivre', 'tomate', 'noix', 'crème', 'herbes', 'herbes', 'herbes', 'cornichons', 'ail', 'câpres', 'céleri', 'mayonnaise', 'citron', 'poisson', 'olives', 'boeufs']"
oeufs brouillés nature,"['beurre', 'poivre', 'sel', 'oeufs', 'lait']"
Nouilles chinoises aux légumes et aux épices,"['oignon', 'poireau', 'carotte', 'courgettes', 'poivron', 'huile', '', 'pâtes', 'épices', 'sauce chinoise']"
Falafel (csalades de pois),"['pois', 'oignon', 'herbes', 'farine', 'épices', 'épices', 'sel', 'huile', 'fèves', 'ail', 'piment', 'herbes']"
Spaghetti bolognaise,"['oignon', 'carotte', 'tomate', 'alcool', 'bouillon', 'herbes', 'sucre', 'huile', 'pâtes', 'ail', 'céleri', 'boeufs']"
Pâtes fraîches,"['farine', 'farine', 'sel', 'oeufs']"
pâtes au saumon et aux épinards,"['pâtes', 'poivre', 'sel', 'saumon', 'épinards', 'fromage', 'crème']"
boeufs carotte facile,"['oignon', 'carotte', 'poivre', 'sel', 'ail semoule', 'beurre', 'bouillon', 'paleron', 'tomate', 'alcool']"
Tacos mexicains,"['tomate', 'haricots', 'poivron', 'épices', 'poivre', 'sel', 'piment', 'pain', 'oignon', 'tomate', 'boeufs', 'salade']"
Filet de poisson crème et moutarde,"['moutarde', 'herbes', 'huile', 'sel', 'poivre', 'tomate', 'poisson', 'crème', 'herbes']"
Poulet à la crème et,"['oignon', 'crème', 'farine', 'herbes', 'poulet', 'ail', 'champignon', 'bouillon']"
poulet marinée au four,"['moutarde', 'sel', 'poulet', 'herbes', 'ail', 'miel', 'huile', 'poivre', 'sauce chinoise']"
Tartiflette facile,"['fromage', 'oignon', 'sel', 'poivre', 'patates', 'alcool', 'crème', 'porc']"
Vol-au-vent aux poulet,"['beurre', 'farine', 'bouillon', 'crème', 'poivre', 'sel', 'riz', 'poulet', 'champignon', 'bouchées feuilletées', 'citron']"
Choux farcis,"['riz', 'herbes', 'huile', 'chou', 'saucisse', 'oignon', 'ail', 'porc']"
Cordon bleu,"['beurre', 'farine', 'poulet', 'porc', 'pain', 'pain', 'oeufs']"
pâtes à la bolognaise très facile,"['pâtes à pâtes', 'sauce bolognaise', 'oignon', 'fromage', 'boeufs', 'beurre', 'farine', 'lait']"
Tajine de poulet,"['sel', 'oignon', 'poivre', 'miel', 'pois', 'gingembre', 'épices', 'épices', 'épices', 'épices', 'piment', 'eau', 'citron', 'tomate', 'raisin', 'ail', 'poulet']"
Simplissimes pâtes sautées au poulet,"['huile', 'oignon', 'herbes', 'poulet', 'sauce chinoise', 'sucre', 'pâtes', 'sauce chinoise', 'sauce chinoise', 'légumes']"
poulet façon couscous de chez Karpeth,"['courgettes', 'carotte', 'pois', 'beurre', 'huile', 'poulet', 'oignon', 'fenouil', 'dattes', 'semoule', 'sel', 'bouillon', 'herbes', 'piment', 'piment', 'épices', 'ail', 'herbes']"
Couscous Royal,"['courgettes', 'aubergine', 'saucisse', 'huile', 'fleur de sel', 'sel', 'épices', 'Ras el Hanout', 'pois', 'oignon', 'carotte', 'tomate', 'piment', 'tomate', 'navets', 'céleri', 'veau', 'gigot agneau', 'poulet', 'semoule']"
Quiche jambon,"['pâte', 'jambon', 'tomate', 'poivre', 'sel', 'herbes', 'fromage', 'fromage de fromage', 'oeufs', 'crème']"
Roulés de jambon au fromage panure pistaches,"['jambon', 'fromage', 'huile', 'pistaches', 'pain', 'oeufs']"
Tartiflette : la vraie recette,"['oignon', 'fromage', 'huile', 'sel', 'poivre', 'patates', 'porc', 'ail']"
pâtes à la bolognaise,"['pâtes', 'oignon', 'beurre', 'farine', 'poivre', 'sel', 'fromage', 'épices', 'herbes', 'herbes', 'alcool', 'tomate', 'carotte', 'herbes', 'eau', 'fromage', 'boeufs', 'céleri', 'ail', 'lait']"
Fondue aux poireau,"['poireau', 'beurre', 'moutarde', 'crème', 'sel', 'poivre', 'citron']"
Poulet au four simple et savoureux,"['oignon', 'tomate', 'herbes', 'sel', 'poivre', 'poulet', 'ail', 'citron', 'bouillon']"
Couscous poulet et saucisse facile,"['saucisse', 'huile', 'piment', 'bouillon', 'tomate', 'carotte', 'courgettes', 'pois', 'poulet', 'tomate', 'épices', 'navets']"
Fondue Savoyarde,"['fromage', 'fromage', 'fromage', 'maïzena', 'alcool', 'fromage', 'ail', 'pain']"
Carbonara traditionnelle,"['huile', 'poivre', 'sel', 'oeufs', 'fromage', 'fromage', 'pâtes']"
Rougail saucisse,"['tomate', 'oignon', 'herbes', 'poivre', 'sel', 'épices', 'piment', 'huile', 'saucisse', 'ail', 'herbes']"
boeufs Bourguignon rapide,"['porc', 'beurre', 'alcool', 'oignon', 'farine', 'sel', 'poivre', 'boeufs', 'ail', 'herbes', '']"
poulet au four,"['oignon', 'herbes', 'herbes', 'clou de champignon', 'huile', 'poulet', 'eau', 'ail', 'bouillon', 'genièvre']"
Chili con carne facile,"['beurre', 'oignon', 'piment', 'épices', 'haricots', 'bouillon', 'sel', 'poivre', 'herbes', 'ail', 'boeufs', 'tomate']"
Pavés de saumon au four facile,"['oignon', 'huile', 'poivre', 'sel', 'saumon', 'citron', 'alcool', 'câpres']"
Hachis Parmentier,"['purée', 'oignon', 'tomate', 'farine', 'beurre', 'fromage', 'sel', 'poivre', 'boeufs', 'ail', 'herbes', 'oeufs', 'fromage']"
Croziflette,"['porc', 'crème', 'oignon', 'fromage', 'poivre', 'sel', 'crozet']"
Endives au jambon,"['jambon', 'fromage', 'beurre', 'endive', 'crème', 'ail']"
Risotto aux  : la vraie recette,"['riz', 'huile', 'beurre', 'bouillon', 'oignon', 'herbes', 'sel', 'poivre', 'champignon', 'alcool', 'fromage', 'ail', 'oignon']"
Riz cantonais facile,"['riz', 'porc', 'oignon', 'huile', 'pois', 'oeufs']"
porc à la crème de moutarde,"['oignon', 'carotte', 'beurre', 'huile', 'crème', 'moutarde', 'farine', 'porc', 'alcool', 'eau']"
Croque-monsieur,"['aubergine', 'tomate', 'moutarde', 'crème', 'fromage', 'herbes']"
Carbonades flamandes traditionnelles,"['oignon', 'porc', 'beurre', 'sel', 'moutarde', 'boeufs', 'sucre', 'herbes', 'bière']"
Aubergines au four,"['aubergine', 'huile', 'poivre', 'sel', 'herbes']"
Poulet rôti et ses patates,"['beurre', 'sel', 'poivre', 'poulet', 'herbes', 'patates']"
Saucisses aux lentilles,"['carotte', 'lentilles', 'saucisse', 'oignon', 'porc', 'herbes']"
Poulet au coco et épices,"['gingembre', 'épices', 'oignon', 'poulet', 'lait', '']"
poulet au épices,"['oignon', 'huile', 'épices', 'crème', 'sel', 'poivre', 'poulet', 'ail', 'sauce chinoise', 'herbes']"
Paëlla fruits de mer,"['poivron', 'riz', 'tomate', 'oignon', 'épices', 'huile', 'poivre', 'sel', 'poulet', 'calamar', 'moules', 'crevettes', 'saucisse', 'ail', 'bouillon']"
Poêlée de panais,"['beurre', 'herbes', 'sel', 'poivre', 'panais', 'huile', 'soja', 'tamari']"
La pâte à blé noir traditionnelle,"['farine', 'sel', 'eau', 'oeufs']"
Poulet basquaise,"['tomate', 'poivron', 'oignon', 'huile', 'sel', 'poivre', 'poulet', 'ail', 'alcool', 'herbes']"
Gnocchis faits maison,"['farine', 'sel', 'poivre', 'épices', 'beurre', 'patates', 'oeufs']"
Véritable tajine poulet olives et citron et huile,"['oignon', 'citron', 'gingembre', 'épices', 'épices', 'épices', 'poivre', 'sel', 'poulet', 'ail', 'citron', 'olives', 'huile', 'eau']"
Tagliatelles au saumon,"['crème', 'beurre', 'poivre', 'sel', 'épices', 'pâtes', 'saumon', 'fromage']"
Dahl de lentilles,"['lentilles', 'tomate', 'carotte', 'épices', 'épices', 'gingembre', 'huile', 'lait', 'ail', 'tomate']"
Potée au choux et saucisse,"['oignon', 'saucisse', 'saucisse', 'huile', 'poivre', 'sel', 'chou', 'patates', 'porc', 'porc', 'herbes', 'crème']"
Dos de cabillaud tout simple,"['poivre', 'huile', 'sel', 'poisson']"
Courge pâtes à la crème et aux porc,"['porc', 'oignon', 'crème', 'courge pâtes', 'fromage']"
La Vraie Moussaka Grecque,"['aubergine', 'tomate', 'oignon', 'huile', 'beurre', 'miel', 'épices', 'poivre', 'sel', 'patates', 'boeufs', 'épices', 'beurre', 'farine', 'lait']"
Escalopes milanaises comme en Italie,"['huile', 'tomate', 'vinaigre', 'beurre', 'farine', 'poivre', 'sel', 'veau', 'pain', 'fromage', 'oeufs', 'citron', 'salade', 'herbes']"
patates farcies,"['oignon', 'patates', 'porc', 'crème']"
Tortilla facile (Espagne),"['oignon', 'huile', 'poivre', 'sel', 'oeufs', 'patates', 'herbes']"
Pâte aux crevettes a la crème,"['tomate', 'oignon', 'crème', 'herbes', 'sel', 'poivre', 'pâtes', 'crevettes']"
Courgettes farcies,"['courgettes', 'poivre', 'sel', 'oignon', 'fromage', 'huile', 'porc', 'tomate']"
Couscous aux nombreux légumes,"['beurre', 'pois', 'gingembre', 'sel', 'poivre', 'courgettes', 'carotte', 'épices', 'oignon', 'tomate', 'navets', 'navets', 'viande', 'fèves', 'courge', 'chou', 'semoule']"
Délicieuse marinade pour poulet,"['poivre', 'sel', 'miel', 'vinaigre', 'huile', 'poulet', 'citron', 'sauce chinoise', 'ail']"
Döner kebab,"['oignon', 'poivron', 'tomate', 'crème', 'huile', 'poivre', 'sel', 'gigot agneau', 'salade', 'herbes', 'pains', 'herbes']"
Fish and Chips (la vraie pâte à friture anglaise),"['farine', 'bière', 'oeufs']"
Amour de saumon en papillote,"['tomate', 'herbes', 'huile', 'sel', 'poivre', 'saumon', '', 'ail', 'citron']"
Galettes de patates,"['farine', 'oignon', 'huile', 'patates', 'oeufs', 'herbes']"
Truffade,"['crème', 'porc', 'fromage', 'patates']"
Steak de poisson poêlé,"['beurre', 'oignon', 'huile', 'sel', 'poisson']"
Ramens au boeufs,"['piment', 'épices', 'gingembre', 'bouillon', 'pâtes', 'boeufs', 'herbes', 'oignon', 'oignon', 'sauce chinoise', 'sauce chinoise', 'oeufs']"
Boulettes de kefta à la marocaine,"['oignon', 'herbes', 'poivre', 'sel', 'épices', 'huile', 'boeufs', 'tomate', 'piment', 'oeufs']"
Riz aux crevettes et oignon,"['oignon', 'poivron', 'huile', 'poivre', 'sel', 'riz', 'crevettes', 'ail']"
Burger maison,"['tomate', 'oignon', 'fromage', 'boeufs', 'cornichons', 'salade', 'mayonnaise', 'ketchup', 'pain']"
Calamars à l'armoricaine,"['oignon', 'tomate', 'cognac', 'huile', 'poivre', 'sel', 'calamar', 'ail', 'alcool', 'homard']"
Côtelettes agneau au citron et aux herbes,"['sel', 'poivre', 'côtelettes agneau', 'citron', 'oignon', 'ail', 'herbes']"
Rôti de porc au miel et à la moutarde au Cookeo,"['oignon', 'moutarde', 'miel', 'bouillon', 'poivre', 'porc', 'ail']"
Hamburger maison,"['oignon', 'tomate', 'moutarde', 'pain', 'boeufs', 'fromage', 'salade', 'ketchup']"
Effiloché de porc par Laurent Mariotte,"['miel', 'ketchup', 'piment', 'moutarde', 'vinaigre', 'sauce worcestershire', 'porc', 'oignon', 'huile', 'sel', 'poivre']"
Hot dog New Yorkais,"['moutarde', 'pains', 'relish', 'saucisses', 'ketchup']"
Filet mignon de porc sauce,"['veau', 'huile', 'filets mignons', 'oignons', '', 'crème']"
Nachos au four,"['haricots', 'fromage', 'piment', 'oignon', 'poivre', 'sel', 'tomate', 'boeufs', 'chips', 'ail', 'crème', 'citron']"
pâtes au saumon faciles,"['beurre', 'farine', 'herbes', 'oignon', 'fromage', 'pâtes', 'poivre', 'sel', 'saumon', 'lait', 'ail']"
pâtes à la fromage et aux épinards,"['pâtes', 'fromage', 'poivre', 'sel', 'épinards', 'fromage', 'beurre', 'farine', 'lait']"
pâtes végétariennes (facile),"['tomate', 'courgettes', 'poivre', 'sel', 'pâtes', 'fromage', 'oignon', 'herbes', 'herbes', 'tomate', 'crème']"
Côtes de porc au épices et au miel,"['miel', 'huile', 'épices', 'côtes de porc', 'citron']"
Truite au four,"['huile', 'poisson', 'noix', 'crème', 'ail']"
Mon couscous marocain,"['carotte', 'oignon', 'poivron', 'poivron', 'courgettes', 'pois', 'boeufs', 'navets', 'chou', 'citrouille', 'tomate']"
Sauté de pâtes aux crevettes en 25 minutes,"['huile', 'épices', 'épices', 'oignon', 'crevettes', 'sauce chinoise', 'citron', 'ail', 'pâtes']"
Rôti de porc Orloff,"['crème', 'porc', 'fromage', 'porc']"
Chou frisé aux saucisse,"['saucisse', 'oignon', 'porc', 'sel', 'chou', 'huile']"
Blanquette de poulet,"['oignon', 'porc', 'beurre', 'farine', 'poivre', 'sel', 'poulet', '', 'bouillon', 'herbes', 'oeufs', 'citron', 'crème']"
Burritos express,"['tomate', 'poivron', 'oignon', 'sel', 'poivre', 'huile', 'fromage', 'blé', 'boeufs', 'salade', 'piment', 'tomate']"
Cailles à la moutarde et au miel,"['miel', 'beurre', 'moutarde', 'sel', 'poivre', 'cailles']"
Pavé de saumon sur son lit de poireau,"['poireau', 'crème', 'poivre', 'sel', 'huile', 'épices', 'saumon']"
Verrines avocats crevettes et fromage,"['avocats', 'crevettes', 'citron', 'fromage', 'crème', 'herbes']"
Poulet aux olives,"['oignon', 'huile', 'herbes', 'épices', 'poivre', 'sel', 'poulet', 'olives', 'ail', 'épices', 'piment']"
Crevettes au épices express,"['épices', 'huile', 'crevettes', 'crème']"
Raclette,"['farine', 'levure', 'huile', 'fromage', 'poivre', 'sel', 'fromage', 'jambon', 'oeufs', 'lait', 'alcool']"
Nouilles de riz sautées au poulet,"['gingembre', 'sucre', 'huile', 'poivron', 'poireau', 'poulet', 'pâtes', 'sauce chinoise', 'sauce chinoise', 'ail', 'oignon', 'soja']"
Poulet yassa de belle maman (sénégal),"['oignon', 'vinaigre', 'moutarde', 'piment', 'bouillon', 'riz', 'poulet', 'citron']"
Beignets de crevettes marinées,"['moutarde', 'crevettes', 'citron', 'ail', 'herbes', 'farine', 'sel', 'huile', 'levure', 'oeufs', 'eau']"
Poulet en sauce à ma façon,"['herbes', 'huile', 'carotte', 'courgettes', 'sel', 'poivre', 'vinaigre', 'tomate', 'herbes', 'ail', '', 'poulet']"
Rôti de poulet au four,"['herbes', 'sel', 'poulet', 'oignon', 'bouillon']"
Spaetzle,"['farine', 'moutarde', 'oeufs']"
Jambalaya poulet,"['sel', 'oignon', 'piment', 'poivron', 'herbes', 'herbes', 'huile', 'riz', 'poulet', 'saucisse', 'porc', 'ail', 'coulis', 'bouillon', 'céleri', 'soja']"
Spaghetti aux fruits de mer express,"['crème', 'Fruits de mer', 'herbes', 'piment', 'pâtes', 'oignon', 'ail', 'alcool', 'fromage', 'court-bouillon', 'crevettes']"
boeufs braisé aux carotte,"['herbes', 'oignon', 'bouillon', 'poivre', 'sel', 'carotte', 'paleron', 'porc', 'huile', 'tomate', 'herbes', 'soja', 'ail']"
Spaghetti aux crevettes et à la crème,"['oignon', 'herbes', 'herbes', 'poivre', 'sel', 'pâtes', 'crevettes', 'herbes', 'ail', 'crème', 'alcool', 'fromage']"
porc au épices et au lait,"['oignon', 'épices', 'huile', 'sel', 'porc', 'tomate', 'lait']"
Cabillaud au four,"['bouillon', 'beurre', 'poisson', 'eau', 'citron', 'oignon']"
Endives au jambon (améliorées),"['jambon', 'fromage', 'endives', '', 'crème']"
Saucisses aux lentilles au Cookeo,"['poivre', 'carotte', 'saucisse', 'lentilles', 'porc', 'oignon', 'herbes']"
Couscous royal (agneau,"['courgettes', 'aubergine', 'saucisse', 'huile', 'fleur de sel', 'sel', 'épices', 'Ras el Hanout', 'pois', 'oignon', 'carotte', 'tomate', 'piment', 'tomate', 'navets', 'céleri', 'veau', 'gigot agneau', 'poulet', 'semoule']"
Gambas à l'armoricaine,"['cognac', 'huile', 'crème', 'oignon', 'herbes', 'crevettes', 'tomate', 'alcool', 'oignon', 'ail']"
Potée de chou à la saucisse,"['oignon', 'carotte', 'herbes', 'poivre', 'sel', 'chou', 'porc', 'saucisse', 'patates', 'ail', 'huile']"
Sauté de veau aux olives (Corse),"['porc', 'oignon', 'farine', 'poivre', 'sel', 'veau', 'olives', 'ail', 'alcool', 'graine de fenouil', 'herbes', 'tomate']"
Escalope de poulet au épices,"['beurre', 'épices', 'poulet', 'oignon', 'crème']"
Palourdes au alcool,"['beurre', 'herbes', 'sel', 'poivre', 'oignon', 'palourde', 'alcool']"
Gratin endives-jambon tout simple,"['fromage', 'jambon', 'endives', 'oignon', 'citron']"
Poulet aux courgettes et au épices,"['courgettes', 'oignon', 'épices', 'huile', 'poivre', 'sel', 'poulet', 'crème']"
Pâtes sauce puttanesca,"['huile', 'piment', 'ail', 'poisson', 'tomate', 'olives', 'câpres', 'pâtes']"
boeufs bourguignon très moelleux,"['carotte', 'oignon', 'poivre', 'herbes', 'herbes', 'paleron', 'porc', 'veau', 'céleri', 'champignon', 'herbes', 'herbes', 'alcool']"
Le thieboudienne (Sénégal),"['oignon', 'carotte', 'aubergine', 'piment', 'herbes', 'riz', 'bouillon', 'poivre', 'sel', 'thiof', 'ail', 'chou', 'potiron', 'manioc', 'poisson', 'tomate']"
Joues de porc en cocotte,"['huile', 'crème', 'bouillon', 'carotte', 'oignon', 'alcool', 'herbes', 'porc', '', 'ail', 'herbes']"
Coquilles saint jacques à la bretonne,"['poivre', 'herbes', 'sel', 'beurre', 'farine', 'coquilles saint-jacques', 'oignon', '', 'herbes', 'herbes', 'pain', 'citron']"
Boulettes de poulet au citron,"['moutarde', 'poivre', 'sel', 'escalope', 'citron', 'herbes', 'oeufs', 'panure', 'yaourt']"
Steak végétal aux céréales et légumes,"['riz', 'lentilles', 'poireau', 'carotte', 'gingembre', 'fécule de maïs', 'épices', 'épices', 'épices', 'sel', 'poivre', 'quinoa', 'oignon', '', 'tomate', 'herbes']"
Tartare de crevettes mangue avocats,"['poivre', 'huile', 'herbes', 'piment', 'fleur de sel', 'crevettes', 'avocats', 'mangue', 'citron', 'oignon']"
Marinade de poulet au citron,"['huile', 'épices', 'épices', 'épices', 'citron', 'herbes', 'poulet']"
Aubergine à la fromagee,"['aubergine', 'sauce bolognaise', 'fromage']"
Escalope de poulet à la crème et aux oignon,"['beurre', 'poivre', 'sel', 'poulet', 'oignon', 'crème']"
Escalopes de veau panées,"['poivre', 'sel', 'épices', 'beurre', 'veau', 'oeufs', 'lait', 'pain']"
Lotte à l'américaine,"['huile', 'beurre', 'tomate', 'cognac', 'poisson', 'oignon', 'ail', 'tomate', 'alcool']"
Goulash hongroise traditionnelle,"['tomate', 'oignon', 'poivron', 'sel', 'poivre', 'piment', 'boeufs', 'piment', 'patates', 'farine', 'sel', 'oeufs', 'eau']"
Les pâtes à l'ail,"['tomate', 'huile', 'poivre', 'sel', 'ail', 'herbes', 'pâtes', 'fromage']"
Bouchées de veau aux,"['crème', 'veau', 'beurre', 'farine', 'poivre', 'sel', 'veau', '', 'oignon', 'bouchées feuilletées', 'alcool', 'eau']"
Gratin de pâtes porc et,"['oignon', 'porc', 'poivre', 'sel', 'herbes', 'beurre', 'farine', 'épices', 'pâtes', 'champignon', 'fromage', 'ail', 'lait']"
Penne au Gorgonzola,"['crème', 'beurre', 'poivre', 'pâtes', 'fromage', 'herbes', 'noix']"
Couscous,"['saucisse', 'huile', 'piment', 'bouillon', 'tomate', 'carotte', 'courgettes', 'pois', 'poulet', 'tomate', 'épices', 'navets']"
Riz au saucisse,"['poivron', 'poivron', 'oignon', 'riz', 'saucisse', 'olives', 'bouillon']"
Potimarron farci aux porc,"['porc', 'oignon', 'fromage', 'poivre', 'sel', 'potiron', 'crème', 'pain']"
Couscous tunisien traditionnel,"['sel', 'oignon', 'beurre', 'huile', 'épices', 'Ras el Hanout', 'herbes', 'carotte', 'courgettes', 'poivron', 'pois', 'patates', 'poulet', 'colorant', 'couteau', 'tomate', 'tomate', 'veau', 'semoule']"
Pad thaï aux crevettes,"['huile', 'poivre', 'pâtes', 'crevettes', 'soja', 'sauce chinoise', 'sauce chinoise', 'sauce', 'oeufs', 'oignon', 'herbes']"
Fondue bressane,"['huile', 'poulet', 'oeufs', 'pain']"
Sauté de veau avec le Cookeo Moulinex,"['veau', 'oignon', 'crème', 'veau', 'eau', 'olives', 'champignon']"
Penne à l'arrabbiata,"['porc', 'crème', 'poivre', 'sel', 'piment', 'ail', 'fromage', 'tomate', 'herbes']"
Rôti de porc à la tomate et aux patates,"['tomate', 'bouillon', 'oignon', 'huile', 'sel', 'poivre', 'porc', 'herbes', 'ail', 'patates']"
Blanquette de saumon,"['crème', 'beurre', 'poivre', 'sel', 'saumon', '', 'oignon', 'citron', 'oeufs', 'fumet']"
Chapon au alcool de paille,"['alcool', 'crème', 'chapon', 'oignon', '', 'marrons']"
Gyoza,"['farine', 'eau', 'fécule de patates', 'sel', 'huile', 'porc', 'crevettes', 'herbes', 'huile', 'gingembre', 'sucre', 'sauce chinoise', 'bouillon']"
Foie sauce moutarde et balsamique,"['moutarde', 'vinaigre', 'bouillon', 'oignon', 'farine', 'huile', 'beurre', 'foie']"
Poulet mariné à s'en lécher les doigts,"['huile', 'herbes', 'poivre', 'miel', 'poulet', 'ail', 'sauce chinoise']"
Paëlla au poulet,"['tomate', 'poivron', 'oignon', 'épices', 'riz', 'huile', 'poulet', 'porc', 'calamar', 'crevettes', 'moules', 'crevettes', 'pois', 'ail']"
Lasagne à la bolognaise,"['pâtes', 'oignon', 'carotte', 'tomate', 'alcool', 'fromage', 'huile', 'herbes', 'beurre', 'boeufs', 'ail', 'céleri', 'fromage', 'herbes', 'herbes', 'sel','poivre']"
Boulettes de boeufs à la sauce tomate,"['oignon', 'herbes', 'herbes', 'poivron', 'courgette', 'huile', 'poivre', 'sel', 'boeufs', 'oeufs', 'piment', 'tomate']"
Poulet yakitori (japonais),"['huile', 'poulet', 'miel', 'gingembre', 'sauce chinoise', 'ail']"
Tomates farcies à la boeufs faciles et rapides,"['tomate', 'huile', 'oignon', 'riz', 'oeufs', 'herbes', 'boeufs', 'fromage']"
Poulet de Bresse au alcool jaune et aux,"['alcool', 'crème', 'beurre', 'sel', 'poulet', '']"
Le sauté de veau aux,"['oignon', 'beurre', 'farine', 'huile', 'tomate', 'poivre', 'sel', 'veau', 'champignon', 'alcool', 'herbes', 'ail']"
Rôti de veau orloff,"['beurre', 'poivre', 'sel', 'crème', 'veau', 'fromage', 'porc', 'alcool', 'fumet']"
Welch,"['jambon', 'bière', 'moutarde', 'poivre', 'pain', 'fromage']"
poisson au four façon Camila,"['tomate', 'herbes', 'sel', 'poivre', 'sel', 'huile', 'beurre', 'piment', 'poisson', 'citron', 'citron', 'ail', 'ail', 'oignon']"
Tournedos à la crème fraiche et à la moutarde,"['crème', 'moutarde', 'poivre', 'sel', 'oignon', 'alcool', 'boeufs']"
poulet facile à la cocotte minute,"['oignon', 'poivron', 'bouillon', 'huile', 'poivre', 'poulet', '', 'oignon', 'patates', 'herbes', 'eau']"
Poulet au cidre,"['crème', 'oignon', 'porc', 'calvados', 'poivre', 'sel', 'poulet', 'patates', 'cidre', 'champignon']"
Dos de cabillaud en papillote,"['courgette', 'tomate', 'huile', 'moutarde', 'sel', 'poivre', 'poisson']"
Moules (de bouchot),"['beurre', 'herbes', 'cognac', 'crème', 'poivre', 'sel', 'moules', 'oignon', 'alcool', 'alcool']"
Filet de poisson rapide façon Silvia,"['oignon', 'épices', 'gingembre', 'beurre', 'poivre', 'sel', 'poisson', 'crème', 'herbes']"
Filet mignon de veau au cidre,"['oignon', 'calvados', 'poivre', 'sel', 'veau', 'crème', 'beurre', 'filet mignon', 'cidre']"
Poulet aux  et alcool,"['beurre', 'poivre', 'sel', 'cognac', 'crème', 'poulet', '', 'oignon', 'alcool', 'oeufs']"
boeufs mariné à la coréenne,"['sucre', 'alcool', 'huile', 'épices', 'poivre', 'boeufs', 'soja', 'ail', 'oignon']"
Filet mignon aux prunesx et au café,"['prunes', 'beurre', 'huile', 'poivre', 'sel', 'filet mignon', 'oignon', 'café', 'crème']"
Arancini Mozza Truffes de Clément Rémiens,"['huile', 'beurre', 'bouillon', 'riz', 'champignon', 'noix', 'fromage', 'fromage', 'oeufs', 'pain', 'farine', 'huile', 'oignon']"
Poulet au alcool  et crème,"['beurre', 'alcool', 'crème', 'poivre', 'sel', 'poulet', 'champignon', 'citron', 'oignon', 'café']"
Riz au jambon,"['riz', 'jambon', 'fromage', 'oeufs']"
Brochettes de Saint-Jacques et crevettes marinées à l'ail et au citron,"['herbes', 'huile', 'crevettes', 'noix de saint-jacques', 'citron', 'ail']"
poulet au miel,"['miel', 'moutarde', 'bouillon', 'poivre', 'sel', 'poulet', 'eau', 'sauce chinoise']"
Filet mignon de porc aux courgettes,"['huile', 'courgette', 'beurre', 'poivre', 'sel', 'filet mignon', 'raisin', 'bouillon', 'ail', 'herbes']"
Filets de poisson bonne femme,"['beurre', 'herbes', 'crème', 'sel', 'poivre', 'poisson', 'alcool', 'oignon', '']"
Poulet à l'estragon à la mijoteuse électrique,"['vinaigre', 'bouillon', 'moutarde', 'poulet', 'patates', 'haricots verts', 'oignon', 'ail', 'estragon', 'eau', 'alcool']"
Burger d'Halloween,"['fromage', 'sel', 'poivre', 'pain', 'boeufs', 'cornichons', 'salade', 'olives', 'oignon', 'mayonnaise', 'ketchup']"
Filets de saumon au pesto,"['pesto', 'saumon', 'crème']"
Morbiflette à la saucisse,"['saucisse', 'oignon', 'crème', 'fromage', 'patates', 'alcool']"
Omelette au fromage de fromage,"['poivre', 'sel', 'oeufs', 'fromage frais', 'lait', 'herbes']"
Thon en papillote à l'ail,"['sel', 'crème', 'poisson', 'ail']"
Chou chinois sauce chinoise,"['oignon', 'huile', 'herbes', 'sauce chinoise', 'boeufs']"
Escalopes forestières à l'orange,"['poivre', 'huile', 'sel', 'épices', 'poulet', 'oignon', 'soda', 'bolet', 'champignon']"
Mini poivron farcis à la saucisse,"['poivron', 'tomate', 'oignon', 'herbes', 'miel', 'huile', 'sel', 'poivre', 'saucisse']"
Poulet citron miel gingembre façon Anne,"['gingembre', 'miel', 'huile', 'poivre', 'sel', 'riz', 'épices', 'beurre', 'poulet', 'citron', 'oignon', 'crème', 'eau']"
Caspoissontte de St-Jacques et crevettes,"['oignon', 'poireau', 'crevettes', 'noix de saint-jacques', 'champignon', 'alcool', 'brique', 'ail', 'bouillon', 'oignon']"
Hachis de boudin noir,"['poireau', 'courgette', 'purée', 'fromage', 'épices', 'poivre', 'sel', 'piment', 'boudins noirs', 'lait', 'herbes']"
Pâtes aux pois,"['poireau', 'crème', 'huile', 'poivre', 'sel', 'pâtes', 'porc', 'pois', 'citron', 'fromage']"
Pavé de saumon au foie gras et miel en papillote,"['carotte', 'poireau', 'beurre', 'miel', 'poivre', 'sel', 'saumon', '''', 'alcool', 'herbes']"
Risotto au fromage et au jambon au Thermomix,"['riz', 'oignon', 'huile', 'jambon', 'fromage', 'alcool', 'bouillon']"
Crevettes aux poivron,"['poivron', 'poivron', 'oignon', 'huile', 'épices', 'sel', 'poivre', 'riz', 'crevettes', 'oignon', 'herbes', 'piment', 'citron']"
poulet aux haricots,"['tomate', 'oignon', 'huile', 'poulet', 'haricot', 'herbes']"
Hachis parmentier aux saucisse,"['oignon', 'patates', 'lait', 'crème', 'oeufs', 'saucisse', 'ail', 'herbes', 'alcool']"
Osso bucco milanaise,"['oignon', 'carotte', 'herbes', 'herbes', 'farine', 'huile', 'poivre', 'sel', 'veau', 'tomate', 'ail', 'citron', 'céleri', 'alcool', 'bouillon']"
Riz pilaf à l'espagnole,"['riz', 'poivron', 'oignon', 'huile', 'poivre', 'sel', 'pois', 'saucisse']"
Spaghetti crevettes saucisse,"['oignon', 'crème', 'poivre', 'huile', 'épices', 'pâtes', 'crevettes', 'saucisse', 'ail']"
Lasagne bolognaise (Mascarpone),"['carotte', 'oignon', 'herbes', 'pâtes', 'fromage', 'huile', 'poivre', 'sel', 'boeufs', 'céleri', 'herbes', 'mascarpone', 'fromage', 'tomate']"
boeufs Bourguignon rapide au Cookeo,"['porc', 'oignon', 'alcool', 'farine', 'beurre', 'boeufs', 'ail', '', 'herbes', 'sel']"
oeufs poché très simple (au micro-ondes),"['sel', 'oeufs', 'eau']"
Sauté de veau tout simple,"['farine', 'veau', 'veau', 'alcool', 'huile', '']"
Pâtes au poisson,"['oignon', 'crème', 'fromage', 'poivre', 'sel', 'pâtes', 'poisson', 'tomate']"
Tagliatelles au saumon,"['huile', 'crème', 'moutarde', 'poivre', 'sel', 'pâtes', 'saumon', 'ail', 'herbes', 'citron', 'fromage']"
Crêpes au Sarrasin farcies à l'oeufs,"['farine', 'beurre', 'huile', 'sel', 'poivre', 'oeufs', 'lait', 'eau', 'fromage', 'jambon', 'oeufs']"
Nuggets de poulet faciles,"['sel', 'poivre', 'huile', 'oeufs', 'poulet', 'pain']"
French Tacos,"['sel', 'crème', 'poivre', 'huile', 'pain', 'ketchup', 'patates', 'boeufs', 'fromage']"
Aiguillettes de poulet et crème de citron,"['oignon', 'sel', 'poivre', 'huile', 'poulet', 'crème', 'citron']"
Escalopes de veau à la crème,"['beurre', 'farine', 'alcool', 'crème', 'huile', 'poivre', 'sel', 'veau', 'jambon', '', 'citron', 'ail']"
pâtes aux légumes,"['pâtes', 'courgettes', 'carotte', 'oignon', 'bouillon', '', 'crème', 'oignon', 'ail', 'pain']"
Filet mignon de porc bouillonant en cocotte,"['oignon', 'porc', 'carotte', 'bouillon', 'crème', 'herbes', 'poivre', 'sel', 'huile', 'filet mignon', 'patates', 'herbes']"
Noix de Saint Jacques,"['poivre', 'sel', 'saint-jacques', '', 'pâtes', 'crème', 'oignon', 'ail']"
Cuisses de canard confites,"['cuisses de canard', 'canard']"
Osso bucco de poulet,"['farine', 'huile', 'oignon', 'tomate', 'alcool', 'poivre', 'sel', 'poulet', 'alcool', 'bouillon', 'tomate', 'ail', 'herbes']"
Mac and cheese super rapide,"['beurre', 'farine', 'sel', 'poivre', 'pâtes', 'lait', 'fromage']"
Poulet Tandoori (Masala),"['yaourt', 'poulet', 'ail', 'épices', 'piment', 'citron', 'miel', 'crème', 'beurre', 'tomate', 'épices']"
Pâtes sauce alfredo,"['beurre', 'herbes', 'piment', 'fromage', 'crème', 'pâtes']"
Papilpoisson de poisson pour les nuls,"['oignon', 'herbes', 'poivre', 'sel', 'huile', 'poisson', 'légumes', 'citron']"
Poulet tikka massala,"['gingembre', 'épices', 'poivre', 'clou de champignon', 'tomate', 'oignon', 'épices', 'poulet', 'épices', 'lait', 'yaourt', 'sel', 'riz']"
Butter chicken ou poulet Makkhani (Inde),"['épices', 'piment', 'champignon', 'sel', 'yaourt', 'tomate', 'oignon', 'crème', 'beurre', 'poulet', 'tandoori', 'garam masala', 'épices', 'ail', 'noix', 'feuilles de épices']"
Poivrons farcis,"['poivron', 'saucisse', 'tomate', 'oignon']"
Nouilles sautées aux légumes,"['poireau', 'carotte', 'courgette', 'poivron', 'huile', 'poivre', 'sel', '', 'soja', 'scampi', 'poulet', 'porc', 'boeufs', 'pâtes', 'sauce chinoise']"
Filet de poisson sauce citronnée (très facile),"['huile', 'poivre', 'sel', 'poisson', 'citron', 'crème']"
Tournedos Rossini,"['beurre', 'cognac', 'crème', 'champignon', 'poivre', 'sel', 'boeufs', 'pain', 'madère', '''']"
Riz,"['sucre', 'orange', 'lait', 'riz', 'sucre', 'citron']"
Hachis parmentier moelleux,"['fromage', 'oignon', 'crème', 'bouillon', 'herbes', 'poivre', 'beurre', 'épices', 'boeufs', 'patates', 'oeufs', 'oeufs', 'ail', 'lait', 'eau']"
Soupe Pho,"['gingembre', 'épices', 'bouillon', 'étoile de badiane', 'boeufs', 'citron', 'piment', 'herbes', 'pâtes', 'sauce sauce chinoise']"
Lapin à la moutarde en cocotte,"['porc', 'bouillon', 'beurre', 'huile', 'moutarde', 'farine', 'poivre', 'sel', 'lapin', 'herbes', 'oignon', 'alcool', 'crème']"
Emincé de poulet au citron facile,"['oignon', 'piment', 'poivre', 'sel', 'poulet', 'citron', 'piment']"
Risotto au saucisse,"['riz', 'oignon', 'épices', 'saucisse', 'poulet', 'eau']"
Gratin de pâtes jambon-fromage,"['beurre', 'fromage', 'jambon', 'crème', 'sel', 'pâtes']"
Filets de poisson au four,"['oignon', 'tomate', 'poivre', 'sel', 'poisson']"
Lentilles et saucisse à ma façon,"['oignon', 'carotte', 'saucisse', 'épices', 'huile', 'lentilles', 'herbes']"
poisson au four,"['carotte', 'oignon', 'tomate', 'herbes', 'herbes', 'gingembre', 'piment', 'huile', 'sel', 'poisson', 'patates', 'piment', 'sauce chinoise', 'citron']"
Escalopes de poulet panées,"['farine', 'poulet', 'pains', 'oeufs', 'piment']"
Poêlée de pois et patates,"['poivre', 'sel', 'vinaigre', 'huile', 'patates', 'pois']"
Riz japonais (alcoolaigré),"['riz', 'vinaigre', 'sucre', 'sel', 'eau']"
Aubergines à la Parmigiana,"['aubergine', 'tomate', 'huile', 'alcool', 'poivre', 'sel', 'sel', 'tomate', 'mozzarella', 'ail', 'fromage', 'eau']"
Filet de merlan en papillotes,"['carotte', 'beurre', 'poivre', 'sel', 'merlan', '', 'oignon', 'citron']"
Wok de légumes,"['poivron', 'poivron', 'poivron', 'courgettes', 'carotte', 'huile', 'miel', 'gingembre', 'vinaigre', 'oignon', 'haricots verts', 'soja', 'citron', 'ail', 'arachide']"
La poulet au riz de la mère Michèle,"['carotte', 'poireau', 'oignon', 'champignon', 'poivre', 'sel', 'crème', 'beurre', 'farine', 'riz', 'poulet', 'alcool', 'ail', 'herbes', 'poivre']"
Demi-avocats aux crevettes,"['poivre', 'sel', 'avocats', 'oeufs', 'mayonnaise', 'crevette']"
pâtes fromage et épinards,"['fromage', 'pâtes', 'poivre', 'sel', 'épinards', 'fromage de fromage', 'crème']"
Lamelles d'encornets à la tomate,"['poivron', 'tomate', 'oignon', 'tomate', 'herbes', 'sucre', 'encornet', 'alcool', 'ail']"
Queue de poisson au beurre blanc,"['oignon', 'beurre', 'crème', 'huile', 'poivre', 'sel', 'queue', 'oignon', 'alcool', 'citron', 'herbes']"
Spaghettis carbonara : la recette italienne sans crème !,"['poivre', 'pâtes', 'jambon', 'porc', 'oeufs']"
pâtes aux épinards faciles,"['bouillon', 'pâtes', 'fromage', 'épices', 'épinards', 'briques', 'fromage']"
pâtes italiennes maison,"['pâtes', 'carotte', 'oignon', 'farine', 'épices', 'épices', 'huile', 'poivre', 'sel', 'piment', 'boeufs', 'tomate', 'ail', 'lait', 'fromage']"
Emincé de poulet aux épices et au miel,"['oignon', 'beurre', 'huile', 'miel', 'poivre', 'sel', 'poulet', 'ail', 'épices', 'sauce chinoise']"
Crevettes au lait de Roxane,"['poivron', 'tomate', 'huile', 'crevettes', 'lait', 'citron', 'ail', 'herbes']"
Bavette à l'oignon sauce alcool,"['veau', 'alcool', 'sel', 'poivre', 'beurre', 'boeuf', 'oignon']"
Cuisses de pintade en papillotes,"['moutarde', 'herbes', 'poivre', 'sel', 'beurre', 'poulet', 'ail']"
Spaghetti à la Carbonara,"['crème', 'poivre', 'sel', 'pâtes', 'oeufs', 'porc', 'fromage']"
Crevettes au épices au lait,"['épices', 'oignon', 'poivre', 'sel', 'crevettes', 'lait']"
Chamnoix farcis,"['oignon', 'herbes', 'poivre', 'sel', 'beurre', 'huile', '', 'saucisse', 'oeufs', 'ail', 'pain', 'pain']"
Gnocchis à la sauce tomate gratinés,"['herbes', 'beurre', 'herbes', 'poivre', 'sel', 'fromage', 'gnocchi', 'tomate', 'oignon', 'eau', 'ail']"
Suprêmes de volaille à la crème citronnée,"['poulet', 'crème', 'citron']"
Tagliatelles aux,"['beurre', 'huile', 'crème', 'herbes', 'poivre', 'sel', 'pâtes', 'champignon', 'ail', 'fromage']"
poulet à la dijonnaise,"['tomate', 'moutarde', 'crème', 'huile', 'poivre', 'sel', 'poulet', 'patates', 'ail']"
Boulettes de boeufs scandinaves,"['poivre', 'sel', 'farine', 'boeufs', 'oignon', 'herbes', 'oeufs', 'pain', 'ketchup']"
poulet à la moutarde et à la crème,"['crème', 'moutarde', 'beurre', 'huile', 'poulet', 'oignon']"
Escalopes de poulet à la moutarde facile,"['crème', 'moutarde', 'poivre', 'sel', 'poulet', 'oignon', 'ail']"
Sauté de poulet et petits légumes au wok,"['poivron', 'poivron', 'oignon', 'carotte', 'huile', 'poulet', 'soja', 'ail', 'sauce chinoise', 'poisson', 'piment']"
Pâtes au saucisse recette simple,"['oignon', 'crème', 'poivre', 'sel', 'huile', 'pâtes', 'saucisse', 'tomate', 'câpres', 'herbes', 'herbes']"
Légumes farcis façon maman,"['herbes', 'jambon', 'fromage', 'poivre', 'sel', 'beurre', 'boeufs', 'saucisse', 'oeufs', 'oignon', 'ail', 'pain', 'courgette', 'aubergine', 'poivron', 'oignon', 'tomate', 'patates', '']"
Cébettes et porc grillés par Laurent Mariotte,"['huile', 'oignon', 'porc', 'pain', 'herbes', 'citron', 'yaourt', 'sel', 'poivre', 'fleur de sel']"
Blanquette de veau à l'ancienne,"['sel', 'farine', 'poivre', 'oignon', 'oignon', 'champignon', 'poireau', 'herbes', 'herbes', 'carotte', 'crème', 'beurre', 'citron', 'veau', 'oeufs', 'ail', 'céleri', 'champignon', 'cerfeuil']"
pâtes aux poireau et au saumon,"['pâtes', 'poireau', 'fromage', 'beurre', 'poivre', 'sel', 'saumon', 'saumon', 'crème']"
Poulet à la crème et fricassée de champignon,"['oignon', 'crème', 'beurre', 'huile', 'farine', 'poivre', 'sel', 'poulet', 'champignon', 'ail', 'alcool']"
Omelette aux fines herbes,"['oeufs', 'herbes', 'herbes', 'beurre', 'sel', 'poivre', 'lait', 'oignon', 'huile', 'fromage']"
Pâtes à l’ail et au fromage,"['pâtes', 'ail', 'beurre', 'huile d’olive', 'fromage', 'sel', 'poivre', 'herbes', 'crème', 'bouillon']"
Gratin dauphinois facile,"['patates', 'crème', 'lait', 'ail', 'beurre', 'sel', 'poivre', 'épices', 'fromage', 'huile']"
Poulet rôti aux herbes,"['poulet', 'herbes', 'herbes', 'ail', 'sel', 'poivre', 'beurre', 'huile', 'citron', 'oignon']"
Riz sauté aux légumes,"['riz', 'carotte', 'poivron', 'courgette', 'oignon', 'ail', 'huile', 'sauce chinoise', 'oeufs', 'poivre']"
Tarte à la tomate,"['pâte', 'tomate', 'moutarde', 'huile d’olive', 'sel', 'poivre', 'herbes', 'fromage', 'ail', 'crème']"
Spaghettis carbonara simplifiés,"['pâtes', 'porc', 'oeufs', 'fromage', 'poivre', 'sel', 'crème', 'ail', 'huile', 'herbes']"
Salade de riz maison,"['riz', 'maïs', 'poisson', 'concombre', 'tomate', 'oignon', 'oeufs', 'vinaigrette', 'herbes', 'huile']"
Poulet au épices express,"['poulet', 'oignon', 'ail', 'crème', 'épices', 'sel', 'poivre', 'riz', 'huile', 'herbes']"
Poêlée de courgettes,"['courgettes', 'oignon', 'ail', 'huile', 'sel', 'poivre', 'herbes', 'crème', 'fromage', 'herbes']"
Boeufs haché tomate herbes,"['boeufs', 'tomate', 'ail', 'oignon', 'huile', 'herbes', 'sel', 'poivre', 'pâtes', 'fromage']"
Salade de pâtes au poisson,"['pâtes', 'poisson', 'maïs', 'tomate', 'oignon', 'herbes', 'huile d’olive', 'vinaigre', 'sel', 'poivre']"
Quiche aux poireau,"['pâte', 'poireau', 'oeufs', 'crème', 'lait', 'sel', 'poivre', 'fromage', 'beurre', 'épices']"
Couscous végétarien rapide,"['semoule', 'courgettes', 'carotte', 'pois', 'ail', 'oignon', 'huile', 'épices', 'piment', 'sel']"
Poêlée de patates,"['patates', 'oignon', 'ail', 'huile', 'porc', 'sel', 'poivre', 'herbes', 'herbes', 'beurre']"
Pâtes au pesto maison,"['pâtes', 'herbes', 'ail', 'huile d’olive', 'fromage', 'noix', 'sel', 'poivre', 'citron', 'crème']"
Soupe de légumes simple,"['carotte', 'patates', 'poireau', 'oignon', 'ail', 'sel', 'poivre', 'bouillon', 'huile', 'herbes']"
Croque-monsieur classique,"['pain', 'jambon', 'fromage', 'beurre', 'sel', 'poivre', 'crème', 'oeufs', 'moutarde', 'lait']"
Poulet à la moutarde,"['poulet', 'moutarde', 'crème', 'oignon', 'ail', 'huile', 'sel', 'poivre', 'citron', 'herbes']"
Gratin de courgettes,"['courgettes', 'oeufs', 'crème', 'lait', 'fromage', 'sel', 'poivre', 'ail', 'huile', 'herbes']"
Poisson au citron,"['poisson', 'citron', 'ail', 'huile', 'sel', 'poivre', 'herbes', 'crème', 'oignon', 'beurre']"
Salade verte complète,"['salade', 'tomate', 'oeufs', 'croûtons', 'huile', 'vinaigre', 'sel', 'poivre', 'oignon', 'maïs']"
Ratatouille express,"['courgettes', 'aubergine', 'poivron', 'tomate', 'ail', 'oignon', 'huile', 'sel', 'poivre', 'herbes']"
Pâtes sauce,"['pâtes', '', 'ail', 'oignon', 'crème', 'sel', 'poivre', 'huile', 'herbes', 'beurre']"
Boulettes à la tomate,"['boeufs', 'oignon', 'ail', 'oeufs', 'pain', 'sel', 'poivre', 'tomate', 'huile', 'herbes']"
Curry de légumes,"['patates', 'carotte', 'courgettes', 'épices', 'crème', 'oignon', 'ail', 'huile', 'sel', 'poivre']"
Tortilla espagnole,"['patates', 'oeufs', 'oignon', 'ail', 'huile', 'sel', 'poivre', 'herbes', 'beurre', 'piment']"
Salade de poulet froide,"['poulet', 'tomate', 'concombre', 'oignon', 'huile', 'vinaigre', 'sel', 'poivre', 'herbes', 'maïs']"
Poulet miel moutarde,"['poulet', 'miel', 'moutarde', 'ail', 'huile', 'sel', 'poivre', 'crème', 'épices', 'citron']"
pâtes express,"['pâtes à pâtes', 'boeufs', 'tomate', 'ail', 'oignon', 'huile', 'sel', 'poivre', 'fromage', 'crème']"
Riz cantonais maison,"['riz', 'oeufs', 'jambon', 'pois', 'carotte', 'oignon', 'huile', 'sel', 'poivre', 'sauce chinoise']"
Poêlée aux,"['', 'ail', 'oignon', 'herbes', 'huile', 'beurre', 'sel', 'poivre', 'crème', 'herbes']"
Riz au lait crémeux,"['riz', 'lait', 'sucre', 'vanille', 'sel', 'beurre', 'crème', 'citron', 'chocolat', 'épices']"
Poulet tomate olive,"['poulet', 'tomate', 'olives', 'ail', 'oignon', 'huile', 'sel', 'poivre', 'herbes', 'herbes']"
Poisson à la provençale,"['poisson', 'tomate', 'ail', 'oignon', 'herbes', 'huile', 'sel', 'poivre', 'citron', 'olives']"
Pâtes à la crème et jambon,"['pâtes', 'jambon', 'crème', 'sel', 'poivre', 'ail', 'oignon', 'huile', 'herbes', 'fromage']"
Tian de légumes,"['tomate', 'courgettes', 'aubergine', 'ail', 'huile', 'sel', 'poivre', 'herbes', 'oignon', 'fromage']"
Poulet basquaise facile,"['poulet', 'poivron', 'tomate', 'oignon', 'ail', 'huile', 'sel', 'poivre', 'herbes', 'herbes']"
Riz pilaf,"['riz', 'oignon', 'ail', 'bouillon', 'huile', 'beurre', 'sel', 'poivre', 'herbes', 'herbes']"
Pâte à crêpes,"['oeufs', 'farine', 'lait', 'sel', 'sucre', 'beurre', 'huile', 'vanille', 'épices', 'eau']"
Gratin de pâtes,"['pâtes', 'crème', 'fromage', 'sel', 'poivre', 'jambon', 'oignon', 'ail', 'beurre', 'épices']"
Chili sin carne,"['haricots', 'tomate', 'oignon', 'ail', 'maïs', 'poivron', 'huile', 'piment', 'épices', 'sel']"
Salade grecque,"['tomate', 'concombre', 'oignon', 'féta', 'olives', 'huile d’olive', 'vinaigre', 'sel', 'poivre', 'épices']"
Poulet citron ail,"['poulet', 'citron', 'ail', 'huile', 'sel', 'poivre', 'crème', 'oignon', 'herbes', 'herbes']"
Boeufs sauté au soja,"['boeufs', 'ail', 'oignon', 'sauce chinoise', 'huile', 'sel', 'poivre', 'gingembre', 'miel', 'herbes']"
pâtes à la crème,"['pâtes', 'crème', 'sel', 'poivre', 'ail', 'huile', 'fromage', 'herbes', 'oignon', 'lait']"
Légumes rôtis,"['carotte', 'courgettes', 'patates', 'ail', 'huile', 'sel', 'poivre', 'herbes', 'oignon', 'herbes']"
Soupe à l’oignon,"['oignon', 'beurre', 'farine', 'bouillon', 'sel', 'poivre', 'fromage', 'pain', 'ail', 'huile']"
Pâtes au poisson,"['pâtes', 'poisson', 'oignon', 'ail', 'crème', 'sel', 'poivre', 'huile', 'herbes', 'citron']"
Curry coco poulet,"['poulet', 'lait', 'oignon', 'ail', 'épices', 'sel', 'poivre', 'huile', 'riz', 'herbes']"
bouillon,"['carotte', 'poireau', 'céleri', 'oignon', 'ail', 'sel', 'poivre', 'herbes', 'herbes', 'eau']"
Sandwich jambon beurre,"['pain', 'beurre', 'jambon', 'sel', 'poivre', 'moutarde', 'cornichons', 'salade', 'tomate', 'huile']"
patates au four,"['patates', 'huile', 'sel', 'poivre', 'ail', 'oignon', 'beurre', 'herbes', 'fromage', 'crème']"
Tortilla de légumes,"['oeufs', 'courgettes', 'carotte', 'oignon', 'ail', 'sel', 'poivre', 'huile', 'herbes', 'piment']"
Pâtes à la bolognaise simple,"['pâtes', 'boeufs', 'tomate', 'oignon', 'ail', 'huile', 'sel', 'poivre', 'herbes', 'fromage']"
Risotto aux,"['riz', '', 'oignon', 'ail', 'bouillon', 'beurre', 'fromage', 'sel', 'poivre', 'huile']"
Poulet grillé au piment,"['poulet', 'piment', 'ail', 'sel', 'poivre', 'huile', 'citron', 'oignon', 'herbes', 'herbes']"
Semoule aux légumes,"['semoule', 'carotte', 'courgettes', 'oignon', 'ail', 'huile', 'bouillon', 'sel', 'poivre', 'herbes']"
Riz au poulet,"['riz', 'poulet', 'oignon', 'ail', 'huile', 'sel', 'poivre', 'herbes', 'bouillon', 'herbes']"
Pâtes façon fromagère,"['pâtes', 'crème', 'fromage', 'huile', 'sel', 'poivre', 'ail', 'oignon', 'herbes', 'lait']"
Csalades de poisson,"['poisson', 'patates', 'oignon', 'ail', 'sel', 'poivre', 'herbes', 'oeufs', 'pain', 'huile']"
Gratin de brocoli,"['brocoli', 'crème', 'sel', 'poivre', 'fromage', 'ail', 'oignon', 'beurre', 'lait', 'épices']"
Poisson pané maison,"['poisson', 'pain', 'oeufs', 'sel', 'poivre', 'ail', 'huile', 'citron', 'herbes', 'farine']"
Salade de lentilles,"['lentilles', 'carotte', 'oignon', 'ail', 'huile', 'vinaigre', 'sel', 'poivre', 'herbes', 'maïs']"
Poulet à la crème,"['poulet', 'crème', 'oignon', 'ail', 'huile', 'sel', 'poivre', 'beurre', 'herbes', 'épices']"
Bruschettas maison,"['pain', 'tomate', 'ail', 'huile d’olive', 'sel', 'poivre', 'herbes', 'oignon', 'mozzarella', 'épices']"
Pizza express,"['pâte', 'tomate', 'mozzarella', 'ail', 'huile', 'sel', 'poivre', 'herbes', 'jambon', 'épices']"
Salade composée,"['salade', 'tomate', 'oignon', 'maïs', 'poisson', 'oeufs', 'huile', 'vinaigre', 'sel', 'poivre']"
Poêlée asiatique,"['pâtes', 'carotte', 'oignon', 'ail', 'huile', 'soja', 'sel', 'poivre', 'poulet', 'gingembre']"
Gnocchis à la crème,"['gnocchis', 'crème', 'ail', 'oignon', 'sel', 'poivre', 'huile', 'herbes', 'fromage', 'lait']"
Pâtes à la fromage et épinards,"['pâtes', 'fromage', 'épinards', 'ail', 'oignon', 'sel', 'poivre', 'huile d’olive', 'citron', 'fromage']"
Poulet au piment doux,"['poulet', 'piment doux', 'ail', 'oignon', 'crème', 'sel', 'poivre', 'huile', 'citron', 'herbes']"
Riz sauté poulet légumes,"['riz', 'poulet', 'carotte', 'poivron', 'oignon', 'ail', 'huile', 'sauce chinoise', 'sel', 'poivre']"
Tartines jambon fromage,"['pain', 'jambon', 'fromage', 'beurre', 'ail', 'sel', 'poivre', 'herbes', 'moutarde', 'oignon']"
Quinoa aux légumes,"['quinoa', 'courgettes', 'carotte', 'oignon', 'ail', 'huile', 'sel', 'poivre', 'herbes', 'citron']"
Gnocchis tomate mozzarella,"['gnocchis', 'tomate', 'mozzarella', 'ail', 'herbes', 'sel', 'poivre', 'huile d’olive', 'oignon', 'crème']"
Poulet au lait,"['poulet', 'lait', 'ail', 'oignon', 'épices', 'sel', 'poivre', 'huile', 'riz', 'citron']"
Tarte oignon porc,"['pâte', 'oignon', 'porc', 'crème', 'oeufs', 'sel', 'poivre', 'huile', 'beurre', 'épices']"
Pâtes au beurre citronné,"['pâtes', 'beurre', 'citron', 'ail', 'oignon', 'herbes', 'sel', 'poivre', 'huile', 'fromage']"
Omelette espagnole rapide,"['oeufs', 'patates', 'oignon', 'ail', 'huile', 'sel', 'poivre', 'herbes', 'piment', 'beurre']"
Soupe de tomate,"['tomate', 'ail', 'oignon', 'bouillon', 'sel', 'poivre', 'huile d’olive', 'herbes', 'crème', 'beurre']"
Poêlée d’aubergine,"['aubergine', 'oignon', 'ail', 'huile', 'sel', 'poivre', 'herbes', 'tomate', 'épices', 'crème']"
Pâtes à la crème citron,"['pâtes', 'crème', 'citron', 'ail', 'sel', 'poivre', 'fromage', 'huile', 'herbes', 'oignon']"
Poulet ail herbes,"['poulet', 'ail', 'herbes', 'huile', 'sel', 'poivre', 'citron', 'oignon', 'herbes', 'beurre']"
Chili de légumes,"['haricots', 'maïs', 'carotte', 'oignon', 'ail', 'poivron', 'tomate', 'huile', 'piment', 'épices']"
Taboulé maison,"['semoule', 'tomate', 'concombre', 'oignon', 'herbes', 'huile', 'citron', 'sel', 'poivre', 'herbes']"
Pâtes saumon crème,"['pâtes', 'saumon', 'crème', 'citron', 'herbes', 'sel', 'poivre', 'oignon', 'huile', 'herbes']"
Poulet rôti moutarde,"['poulet', 'moutarde', 'ail', 'oignon', 'sel', 'poivre', 'huile', 'beurre', 'citron', 'herbes']"
Riz coco épices,"['riz', 'lait', 'épices', 'oignon', 'ail', 'sel', 'poivre', 'huile', 'citron', 'herbes']"
Tian provençal,"['tomate', 'courgettes', 'aubergine', 'ail', 'huile d’olive', 'sel', 'poivre', 'herbes', 'oignon', 'fromage']"
Poulet sauce tomate,"['poulet', 'tomate', 'oignon', 'ail', 'huile', 'sel', 'poivre', 'herbes', 'herbes', 'beurre']"
Spaghettis ail huile,"['pâtes', 'ail', 'huile', 'piment', 'sel', 'poivre', 'herbes', 'fromage', 'citron', 'oignon']"
Gratin de poisson,"['poisson', 'patates', 'oignon', 'ail', 'crème', 'sel', 'poivre', 'fromage', 'huile', 'herbes']"
Rouleaux jambon fromage,"['jambon', 'fromage', 'ail', 'oignon', 'sel', 'poivre', 'herbes', 'pain', 'huile', 'citron']"
Couscous rapide,"['semoule', 'carotte', 'courgettes', 'oignon', 'bouillon', 'sel', 'poivre', 'huile', 'pois', 'ail']"
Purée de carotte,"['carotte', 'patates', 'beurre', 'lait', 'sel', 'poivre', 'ail', 'oignon', 'crème', 'huile']"
Salade aux oeufs,"['oeufs', 'tomate', 'salade', 'oignon', 'maïs', 'huile', 'vinaigre', 'sel', 'poivre', 'herbes']"
Poulet citron herbes,"['poulet', 'citron', 'herbes', 'ail', 'sel', 'poivre', 'huile', 'oignon', 'beurre', 'herbes']"
Poêlée haricots verts,"['haricots verts', 'oignon', 'ail', 'huile', 'sel', 'poivre', 'beurre', 'herbes', 'crème', 'herbes']"
Soupe de courgettes,"['courgettes', 'oignon', 'ail', 'bouillon', 'sel', 'poivre', 'huile', 'crème', 'herbes', 'beurre']"
pâtes épinards crème,"['pâtes', 'épinards', 'crème', 'ail', 'sel', 'poivre', 'oignon', 'huile', 'fromage', 'citron']"
Poulet cajun doux,"['poulet', 'épices', 'ail', 'oignon', 'sel', 'poivre', 'huile', 'crème', 'citron', 'herbes']"
Risotto vert,"['riz', 'épinards', 'oignon', 'ail', 'bouillon', 'beurre', 'fromage', 'huile', 'sel', 'poivre']"
Salade pois,"['pois', 'tomate', 'oignon', 'ail', 'herbes', 'huile', 'citron', 'sel', 'poivre', 'concombre']"
Farfalle aux légumes,"['farfalle', 'poivron', 'carotte', 'courgettes', 'oignon', 'ail', 'huile', 'sel', 'poivre', 'crème']"
Poulet aux légumes rôtis,"['poulet', 'carotte', 'courgettes', 'oignon', 'ail', 'huile', 'sel', 'poivre', 'herbes', 'citron']"
Pâtes pesto rouge,"['pâtes', 'tomate', 'ail', 'fromage', 'huile d’olive', 'sel', 'poivre', 'herbes', 'oignon', 'crème']"
Omelette forestière,"['oeufs', '', 'oignon', 'ail', 'herbes', 'sel', 'poivre', 'beurre', 'huile', 'crème']"
Spaghettis  crème,"['pâtes', '', 'ail', 'oignon', 'crème', 'sel', 'poivre', 'huile', 'herbes', 'fromage']"
Poulet piment miel,"['poulet', 'miel', 'ail', 'oignon', 'piment doux', 'sel', 'poivre', 'huile', 'riz', 'citron']"
Poisson grillé simple,"['poisson', 'huile', 'ail', 'oignon', 'sel', 'poivre', 'citron', 'herbes', 'herbes', 'beurre']"
Pâtes épinards fromage,"['pâtes', 'fromage', 'épinards', 'ail', 'sel', 'poivre', 'huile', 'oignon', 'fromage', 'crème']"
Salade patates,"['patates', 'oignon', 'ail', 'herbes', 'huile', 'vinaigre', 'sel', 'poivre', 'oeufs', 'moutarde']"
Curry pois,"['pois', 'oignon', 'ail', 'épices', 'tomate', 'huile', 'sel', 'poivre', 'crème', 'riz']"
Poulet sauce chinoise,"['poulet', 'sauce chinoise', 'oignon', 'ail', 'huile', 'sel', 'poivre', 'miel', 'gingembre', 'citron']"
Gratin pâtes,"['pâtes', 'crème', 'fromage', 'sel', 'poivre', 'ail', 'oignon', 'beurre', 'lait', 'épices']"
Risotto courgettes,"['riz', 'courgettes', 'oignon', 'ail', 'bouillon', 'beurre', 'fromage', 'sel', 'poivre', 'huile']"
Poêlée de quinoa,"['quinoa', 'carotte', 'oignon', 'ail', 'huile', 'sel', 'poivre', 'herbes', 'courgettes', 'citron']"
Tortilla simple,"['oeufs', 'patates', 'oignon', 'huile', 'sel', 'poivre', 'herbes', 'ail', 'beurre', 'piment']"
Poulet aux,"['poulet', '', 'oignon', 'ail', 'sel', 'poivre', 'huile', 'crème', 'herbes', 'citron']"
Salade tomate maïs,"['tomate', 'maïs', 'oignon', 'concombre', 'huile', 'sel', 'poivre', 'vinaigre', 'herbes', 'herbes']"
Poisson au four,"['poisson', 'citron', 'ail', 'oignon', 'herbes', 'huile', 'sel', 'poivre', 'herbes', 'beurre']"
Pâtes aux légumes sauté,"['pâtes', 'carotte', 'courgettes', 'oignon', 'ail', 'huile', 'sel', 'poivre', 'crème', 'fromage']"
Poulet crémeux ail,"['poulet', 'ail', 'oignon', 'crème', 'sel', 'poivre', 'huile', 'beurre', 'herbes', 'herbes']"
Riz à la tomate,"['riz', 'tomate', 'oignon', 'ail', 'huile', 'sel', 'poivre', 'bouillon', 'herbes', 'citron']"
Salade au saumon,"['saumon', 'salade', 'oignon', 'citron', 'huile', 'sel', 'poivre', 'tomate', 'herbes', 'maïs']"
Purée maison,"['patates', 'lait', 'beurre', 'sel', 'poivre', 'crème', 'ail', 'huile', 'épices', 'herbes']"
Pâtes crème herbes,"['pâtes', 'crème', 'herbes', 'ail', 'sel', 'poivre', 'huile', 'oignon', 'fromage', 'citron']"
Tarte aux légumes,"['pâte', 'courgettes', 'carotte', 'tomate', 'oignon', 'ail', 'sel', 'poivre', 'huile', 'fromage']"
Poulet aux herbes,"['poulet', 'herbes', 'herbes', 'ail', 'sel', 'poivre', 'huile', 'oignon', 'herbes', 'citron']"
Soupe carotte épices,"['carotte', 'oignon', 'ail', 'bouillon', 'sel', 'poivre', 'huile', 'épices', 'crème', 'beurre']"
Boeufs poêlé ail herbes,"['boeufs', 'ail', 'herbes', 'oignon', 'huile', 'sel', 'poivre', 'beurre', 'herbes', 'citron']"
Ratatouille rapide,"['courgettes', 'aubergine', 'poivron', 'tomate', 'oignon', 'ail', 'huile', 'sel', 'poivre', 'herbes']"
Pâtes poisson olives,"['pâtes', 'poisson', 'olives', 'ail', 'oignon', 'huile', 'sel', 'poivre', 'tomate', 'herbes']"
Poulet au citron doux,"['poulet', 'citron', 'ail', 'oignon', 'huile', 'sel', 'poivre', 'crème', 'herbes', 'miel']"
Poisson coco épices,"['poisson', 'lait', 'épices', 'ail', 'oignon', 'sel', 'poivre', 'huile', 'riz', 'citron']"
Taboulé oriental simplifié,"['semoule', 'tomate', 'concombre', 'oignon', 'herbes', 'huile', 'citron', 'sel', 'poivre', 'herbes']"
Curry courgettes coco,"['courgettes', 'lait', 'épices', 'oignon', 'ail', 'sel', 'poivre', 'huile', 'riz', 'herbes']"
Salade fraîcheur,"['salade', 'concombre', 'tomate', 'oignon', 'huile', 'vinaigre', 'sel', 'poivre', 'maïs', 'herbes']"
Risotto fromage,"['riz', 'bouillon', 'fromage', 'oignon', 'ail', 'beurre', 'sel', 'poivre', 'huile', 'crème']"
Mousse au chocolat maison,"['chocolat', 'oeufs', 'sucre', 'beurre', 'vanille', 'sel', 'crème', 'cacao', 'sucre', 'chocolat râpé']"
Tarte aux pommes classique,"['pâte', 'pommes', 'sucre', 'beurre', 'épices', 'vanille', 'citron', 'farine', 'confiture d’abricot', 'sucre']"
Crêpes sucrées,"['farine', 'oeufs', 'lait', 'sucre', 'beurre bouillon', 'vanille', 'sel', 'alcool', 'sucre', 'confiture']"
Brownies bouillonants,"['chocolat', 'beurre', 'sucre', 'farine', 'oeufs', 'vanille', 'sel', 'noix', 'cacao', 'chocolat']"
Cookies moelleux,"['farine', 'beurre', 'sucre', 'sucre', 'oeufs', 'vanille', 'levure', 'sel', 'chocolat', 'cacao']"
Gâteau au yaourt,"['yaourt', 'farine', 'oeufs', 'sucre', 'huile', 'levure', 'vanille', 'citron', 'sel', 'sucre']"
Tiramisu rapide,"['mascarpone', 'oeufs', 'sucre', 'café', 'biscuits', 'cacao', 'vanille', 'crème', 'chocolat', 'alcool']"
Clafoutis aux cerises,"['cerises', 'oeufs', 'farine', 'sucre', 'lait', 'vanille', 'beurre', 'sel', 'sucre', 'noix']"
Compote de pommes maison,"['pommes', 'sucre', 'vanille', 'épices', 'beurre', 'eau', 'citron', 'sel', 'miel', 'raisin']"
Panna cotta vanille,"['crème', 'sucre', 'vanille', 'gélatine', 'lait', 'framboises', 'sucre', 'citron', 'miel', 'coulis fruits rouges']"
Gâteau au chocolat,"['chocolat', 'beurre', 'sucre', 'oeufs', 'farine', 'levure', 'vanille', 'sel', 'cacao', 'crème']"
Riz au lait crémeux,"['riz', 'lait', 'sucre', 'vanille', 'beurre', 'sel', 'crème', 'épices', 'citron', 'raisin']"
Madeleines maison,"['farine', 'oeufs', 'sucre', 'beurre', 'vanille', 'miel', 'levure', 'citron', 'sel', 'lait']"
Flan pâtissier,"['lait', 'oeufs', 'sucre', 'maïzena', 'vanille', 'pâte', 'beurre', 'sel', 'crème', 'sucre']"
Tarte aux poires,"['pâte', 'poires', 'amandes', 'sucre', 'beurre', 'oeufs', 'vanille', 'farine', 'crème', 'épices']"
Churros maison,"['farine', 'eau', 'sucre', 'sel', 'beurre', 'vanille', 'huile', 'épices', 'sucre', 'chocolat']"
Muffins myrtilles,"['farine', 'sucre', 'beurre', 'oeufs', 'levure', 'lait', 'vanille', 'myrtilles', 'sel', 'citron']"
Crumble pommes épices,"['pommes', 'beurre', 'farine', 'sucre', 'épices', 'vanille', 'amandes', 'citron', 'sel', 'sucre']"
Banana bread,"['banane', 'farine', 'sucre', 'oeufs', 'vanille', 'levure', 'sel', 'beurre', 'noix', 'épices']"
Verrines citron spéculoos,"['citron', 'fromage', 'sucre', 'crème', 'spéculoos', 'beurre', 'citron', 'vanille', 'miel', 'sucre']"
Mousse aux fruits rouges,"['fruits rouges', 'sucre', 'crème', 'vanille', 'gélatine', 'citron', 'yaourt', 'miel', 'sucre', 'chocolat']"
Semoule au lait,"['semoule', 'lait', 'sucre', 'vanille', 'citron', 'beurre', 'sel', 'miel', 'épices', 'raisin']"
Tarte citron facile,"['pâte', 'citron', 'sucre', 'oeufs', 'beurre', 'maïzena', 'vanille', 'citron', 'sel', 'sucre']"
Moelleux aux amandes,"['amandes', 'farine', 'beurre', 'sucre', 'oeufs', 'vanille', 'levure', 'sel', 'citron', 'crème']"
Gâteau marbré,"['farine', 'beurre', 'sucre', 'oeufs', 'vanille', 'cacao', 'lait', 'levure', 'sel', 'crème']"
Tarte aux fraises,"['pâte', 'fraises', 'crème pâtissière', 'vanille', 'sucre', 'citron', 'beurre', 'gelée', 'sel', 'lait']"
Brookies,"['farine', 'sucre', 'oeufs', 'beurre', 'chocolat', 'cacao', 'vanille', 'sel', 'levure', 'noix']"
Gâteau à la banane chocolat,"['banane', 'farine', 'sucre', 'oeufs', 'cacao', 'chocolat', 'beurre', 'levure', 'sel', 'vanille']"
Chocolat chaud épais,"['lait', 'chocolat', 'sucre', 'cacao', 'vanille', 'maïzena', 'crème', 'sel', 'miel', 'épices']"
Verrines panna cotta coco,"['crème coco', 'sucre', 'vanille', 'gélatine', 'lait', 'mangue', 'citron', 'sucre', 'miel', 'coulis']"
Biscuits sablés,"['farine', 'beurre', 'sucre', 'vanille', 'oeufs', 'sel', 'levure', 'citron', 'lait', 'amandes']"
Moelleux coco,"['noix de coco', 'sucre', 'oeufs', 'beurre', 'farine', 'vanille', 'sel', 'lait', 'crème']"
Blanc-manger coco,"['lait', 'lait', 'sucre', 'gélatine', 'vanille', 'citron', 'mangue', 'sucre', 'miel', 'crème']"
Tarte aux abricots,"['pâte', 'abricots', 'sucre', 'amandes', 'beurre', 'oeufs', 'vanille', 'farine', 'crème', 'miel']"
Mousse citronnée,"['citron', 'crème', 'sucre', 'gélatine', 'vanille', 'yaourt', 'citron', 'miel', 'lait', 'sucre']"
Crème brûlée,"['crème', 'oeufs', 'sucre', 'vanille', 'sel', 'sucre', 'citron', 'lait', 'beurre', 'miel']"
Poires au chocolat,"['poires', 'chocolat', 'sucre', 'vanille', 'beurre', 'citron', 'épices', 'miel', 'crème', 'amandes']"
Muffins chocolat noisette,"['farine', 'sucre', 'oeufs', 'noix', 'chocolat', 'beurre', 'levure', 'sel', 'vanille', 'lait']"
Gâteau renversé ananas,"['ananas', 'farine', 'sucre', 'beurre', 'oeufs', 'vanille', 'levure', 'sel', 'crème', 'caramel']"
Moelleux à l’orange,"['orange', 'farine', 'sucre', 'oeufs', 'beurre', 'vanille', 'levure', 'sel', 'citron', 'lait']"
Truffes au chocolat,"['chocolat', 'crème', 'beurre', 'cacao', 'vanille', 'sucre', 'noix', 'miel', 'sel', 'chocolat râpé']"
Pudding de pain,"['pain', 'lait', 'sucre', 'oeufs', 'vanille', 'raisin', 'beurre', 'épices', 'sel', 'miel']"
Cookies tout chocolat,"['farine', 'beurre', 'sucre', 'cacao', 'chocolat', 'oeufs', 'vanille', 'levure', 'sel', 'chocolat']"
Gâteau au citron,"['farine', 'sucre', 'oeufs', 'beurre', 'citron', 'vanille', 'levure', 'sel', 'lait', 'sucre']"
Crêpes façon Suzette,"['farine', 'oeufs', 'lait', 'sucre', 'beurre', 'orange', 'citron', 'vanille', 'alcool', 'miel']"
Tarte banane chocolat,"['pâte', 'banane', 'chocolat', 'crème', 'sucre', 'vanille', 'beurre', 'sel', 'citron', 'amandes']"
Crème dessert vanille,"['lait', 'sucre', 'vanille', 'oeufs', 'maïzena', 'crème', 'sel', 'miel', 'chocolat', 'citron']"
Fondant chocolat cœur coulant,"['chocolat', 'beurre', 'sucre', 'oeufs', 'farine', 'cacao', 'vanille', 'sel', 'crème', 'chocolat']"
Tarte aux myrtilles,"['pâte', 'myrtilles', 'sucre', 'farine', 'vanille', 'beurre', 'oeufs', 'citron', 'amandes', 'miel']"
Mousse mangue,"['mangue', 'sucre', 'crème', 'gélatine', 'vanille', 'citron', 'yaourt', 'miel', 'citron', 'sucre']"
Pavlova fruits rouges,"['blancs d’oeufs', 'sucre', 'vanille', 'maïzena', 'citron', 'crème', 'fruits rouges', 'sucre', 'miel', 'coulis']"
Chocolat liégeois,"['chocolat', 'lait', 'crème', 'sucre', 'vanille', 'cacao', 'beurre', 'chantilly', 'sel', 'sucre']"
Verrines poire spéculoos,"['poires', 'sucre', 'vanille', 'citron', 'spéculoos', 'crème', 'yaourt', 'miel', 'beurre', 'épices']"
Sorbet citron maison,"['citron', 'eau', 'sucre', 'citron', 'miel', 'blanc d’oeufs', 'vanille', 'herbes', 'sel', 'sucre']"
Tarte tatin,"['pommes', 'sucre', 'beurre', 'pâte', 'vanille', 'citron', 'sel', 'miel', 'épices', 'crème']"
Gâteau aux carotte,"['carotte', 'farine', 'sucre', 'oeufs', 'huile', 'épices', 'vanille', 'levure', 'sel', 'noix']"
Gâteau nature moelleux,"['farine', 'oeufs', 'sucre', 'beurre', 'vanille', 'lait', 'levure', 'sel', 'citron', 'crème']"
Beignets au sucre,"['farine', 'oeufs', 'sucre', 'beurre', 'lait', 'levure', 'vanille', 'sel', 'huile', 'sucre']"
Moelleux à la noix de coco,"['noix de coco', 'sucre', 'oeufs', 'beurre', 'lait', 'farine', 'vanille', 'sel', 'crème', 'citron']"
Mousse speculoos,"['spéculoos', 'crème', 'sucre', 'vanille', 'yaourt', 'beurre', 'citron', 'miel', 'lait', 'sucre']"
Flan coco,"['lait', 'lait', 'sucre', 'oeufs', 'vanille', 'caramel', 'beurre', 'citron', 'sel', 'coco râpée']"
Chocolat blanc mousseux,"['chocolat', 'crème', 'vanille', 'sucre', 'gélatine', 'lait', 'citron', 'miel', 'sel', 'coulis']"
Poires rôties,"['poires', 'beurre', 'sucre', 'vanille', 'miel', 'épices', 'amandes', 'citron', 'sel', 'crème']"
Gâteau aux prunes,"['prunes', 'farine', 'sucre', 'oeufs', 'beurre', 'vanille', 'levure', 'sel', 'citron', 'amandes']"
Crumble fruits rouges,"['fruits rouges', 'farine', 'beurre', 'sucre', 'vanille', 'amandes', 'citron', 'épices', 'sel', 'miel']"
Tarte au chocolat,"['pâte', 'chocolat', 'crème', 'beurre', 'sucre', 'vanille', 'oeufs', 'sel', 'cacao', 'miel']"
Smoothie mangue banane,"['banane', 'mangue', 'yaourt', 'lait', 'vanille', 'miel', 'citron', 'sucre', 'glace', 'citron']"
Gâteau nuage,"['farine', 'oeufs', 'sucre', 'beurre', 'vanille', 'levure', 'sel', 'crème', 'lait', 'citron']"
Gâteau chocolat poire,"['poires', 'chocolat', 'farine', 'sucre', 'oeufs', 'beurre', 'vanille', 'levure', 'cacao', 'sel']"
Pudding chocolat,"['pain', 'lait', 'chocolat', 'sucre', 'oeufs', 'vanille', 'beurre', 'sel', 'cacao', 'crème']"
